tree_ID,inoc_dens,ht6,dm6,sv6,alive6,vig6,ht5,dm5,sv5,vig5,bi5,nc5,pbr5,br5,ss5,dm4,sv4,ss4,dm3,sv3,vig3,bi3,nc3,pbr3,br3,ss3,ht1
1001,3400,25,4,6,Yes,1,20,4,3,1,2,2,0,0,2,4,3,2,0,0,1,0,0,0,0,0,9.5
1002,3400,43,4,7,Yes,6,29,4,5,1,3,5,0,0,5,4,5,6,0,0,1,0,0,0,0,0,15.3
1003,3400,33.5,4,7,Yes,2,30,4,5,1,3,6,0,0,6,4,3,4,0,0,1,0,0,0,0,0,13.4
1004,3400,NA,4,9,No,3,23.5,4,5,1,3,3,0,0,3,4,4,2,0,0,1,0,0,0,0,0,10.2
1005,3400,NA,4,9,No,3,32,4,6,1,10,10,0,0,10,4,6,10,4,3,1,5,5,0,0,5,15
1006,3400,NA,4,9,No,3,21,4,1,1,0,2,0,0,2,0,0,0,0,0,1,0,0,0,0,0,16.3
1007,3400,38.5,4,7,Yes,6,29,4,3,1,2,3,0,0,3,0,0,0,0,0,1,0,0,0,0,0,15.1
1008,3400,NA,4,9,No,3,24.5,0,0,1,0,0,0,0,0,0,0,0,0,0,1,0,0,0,0,0,15.8
1009,3400,62,0,0,Yes,1,33,0,0,1,0,0,0,0,0,0,0,0,0,0,1,0,0,0,0,0,16
1010,3400,39.5,4,1,Yes,1,22.5,4,1,1,0,1,0,0,1,0,0,0,0,0,1,0,0,0,0,0,16.5
1011,3400,33,4,3,Yes,1,23,4,1,1,1,1,0,0,1,0,0,0,0,0,1,0,0,0,0,0,11.4
1012,3400,NA,4,9,No,3,21,4,2,1,4,4,0,0,4,0,0,0,0,0,1,0,0,0,0,0,13.3
1013,3400,45.5,4,3,Yes,1,23.5,0,0,1,0,0,0,0,0,0,0,0,0,0,1,0,0,0,0,0,11
1014,3400,56,4,7,Yes,6,33,4,3,1,5,7,0,0,7,0,0,0,0,0,1,0,0,0,0,0,15
1015,3400,NA,4,9,No,3,18,4,7,2,4,5,0,0,5,4,5,5,4,1,1,0,2,0,0,2,10.5
1016,3400,40.5,4,5,Yes,1,27,0,0,1,0,0,0,0,0,0,0,0,0,0,1,0,0,0,0,0,12.1
1017,3400,NA,4,9,No,3,13.5,4,6,2,3,4,0,0,4,4,1,3,4,1,1,0,3,0,0,3,7.2
1018,3400,NA,4,9,No,3,17.5,4,6,1,3,3,0,0,3,4,6,3,4,5,1,2,2,0,0,2,12.9
1019,3400,31,4,3,Yes,1,15,0,0,1,0,0,0,0,0,0,0,0,0,0,1,0,0,0,0,0,10
1020,3400,26,4,8,Yes,6,20.5,4,6,1,6,7,0,0,7,4,6,6,4,3,1,5,5,0,0,5,12.2
1021,3400,35.5,4,7,Yes,1,21,4,4,1,2,5,0,0,5,4,5,5,0,0,1,0,0,0,0,0,11.6
1022,3400,NA,4,9,No,3,26,4,4,1,4,3,1,0,4,4,5,4,0,0,1,0,0,0,0,0,10.9
1023,3400,48.5,0,0,Yes,1,27,0,0,1,0,0,0,0,0,0,0,0,0,0,1,0,0,0,0,0,11.5
1024,3400,38.5,0,0,Yes,1,19.5,0,0,1,0,0,0,0,0,0,0,0,0,0,1,0,0,0,0,0,9.2
1025,3400,44.5,4,3,Yes,1,31,4,2,1,1,1,0,0,1,0,0,0,0,0,1,0,0,0,0,0,12.8
1026,3400,40.5,0,0,Yes,1,23,0,0,1,0,0,0,0,0,0,0,0,0,0,1,0,0,0,0,0,12.8
1027,3400,48,0,0,Yes,1,32,0,0,1,0,0,0,0,0,0,0,0,0,0,1,0,0,0,0,0,15.6
1028,3400,47,4,2,Yes,1,27,0,0,1,0,0,0,0,0,0,0,0,0,0,1,0,0,0,0,0,12
1029,3400,41,4,8,Yes,6,30,4,6,1,7,7,0,0,7,4,5,7,4,3,1,2,2,0,0,2,15.1
1030,3400,NA,4,9,No,3,24.5,4,8,1,15,17,0,0,17,4,8,17,4,6,1,9,14,0,0,14,16
1031,3400,NA,4,9,No,3,30,4,7,1,10,13,0,0,13,4,7,13,4,5,1,9,11,0,0,11,20
1032,3400,NA,4,9,No,NA,NA,4,9,3,NA,NA,NA,NA,NA,4,8,9,4,3,2,6,8,0,0,8,13
1033,3720,NA,4,9,No,3,26,4,8,1,8,8,0,0,8,4,8,8,4,3,1,5,5,0,0,5,14
1034,3720,NA,4,9,No,3,22,4,6,2,5,7,0,0,7,4,6,6,4,3,1,3,4,0,0,4,11.9
1035,3720,NA,4,9,No,NA,NA,4,9,3,NA,NA,NA,NA,NA,4,6,3,4,3,1,2,2,0,0,2,7
1036,3720,NA,4,9,No,3,23,4,7,1,7,10,0,0,10,4,7,7,4,2,1,2,4,0,0,4,15.7
1037,3720,NA,4,9,No,3,23.5,4,7,1,6,7,0,0,7,4,7,6,4,6,1,2,4,0,0,4,12.5
1038,3720,NA,4,9,No,3,24,4,5,1,3,3,0,0,3,4,5,3,4,2,1,1,2,0,0,2,10.5
1039,3720,NA,4,9,No,3,27,4,7,1,7,8,0,0,8,4,6,7,4,3,1,5,5,0,0,5,14.5
1040,3720,55,4,3,Yes,1,32,0,0,1,0,0,0,0,0,4,1,1,4,1,1,0,1,0,0,1,20
1041,3720,NA,4,9,No,3,24.5,4,4,1,1,3,0,0,3,4,4,3,4,1,2,1,1,1,0,2,13.6
1042,3720,45,4,7,Yes,6,33,4,3,1,7,5,5,0,10,4,3,5,0,0,1,0,0,0,0,0,15.3
1043,3720,35,4,7,Yes,2,23.5,4,4,1,3,3,0,0,3,4,5,3,0,0,1,0,0,0,0,0,12
1044,3720,51,0,0,Yes,1,32,0,0,1,0,0,0,0,0,0,0,0,0,0,1,0,0,0,0,0,15.6
1045,3720,NA,4,9,No,3,29,4,3,1,2,2,0,0,2,4,5,2,0,0,1,0,0,0,0,0,16.2
1046,3720,NA,4,9,No,3,20,4,3,1,1,3,0,0,3,4,5,3,4,1,1,0,2,0,0,2,13.6
1047,3720,36.5,4,4,Yes,1,21,4,2,1,2,0,2,0,2,4,1,2,0,0,1,0,0,0,0,0,12.2
1048,3720,44,4,2,Yes,1,24,0,0,1,0,0,0,0,0,0,0,0,0,0,1,0,0,0,0,0,13.6
1049,3720,NA,4,9,No,3,16.5,0,0,1,0,0,0,0,0,0,0,0,0,0,1,0,0,0,0,0,10.4
1050,3720,NA,4,9,No,3,28.5,4,4,1,2,3,0,0,3,4,5,3,4,1,1,0,1,0,0,1,16
1051,3720,NA,4,9,No,3,27,4,7,1,7,7,0,0,7,4,7,7,4,3,1,2,2,0,0,2,16.3
1052,3720,24,0,0,Yes,1,14,0,0,1,0,0,0,0,0,0,0,0,0,0,1,0,0,0,0,0,12.3
1053,3720,36.5,0,0,Yes,1,21,0,0,1,0,0,0,0,0,0,0,0,0,0,1,0,0,0,0,0,16.2
1054,3720,NA,4,9,No,3,26,4,4,1,4,5,0,0,5,4,5,4,4,2,1,0,2,0,0,2,14.9
1055,3720,44,4,8,Yes,6,29,4,7,1,7,7,0,0,7,4,7,7,0,0,1,0,0,0,0,0,16.5
1056,3720,NA,4,9,No,3,20,4,6,1,2,5,0,0,5,4,6,3,4,1,1,1,0,0,0,0,10.5
1057,3720,NA,4,9,No,3,23,4,7,1,9,9,0,0,9,4,8,9,4,3,1,3,5,0,0,5,14.1
1058,3720,36,4,8,Yes,6,26.5,4,7,1,6,9,0,0,9,4,7,9,4,3,1,6,6,0,0,6,14.4
1059,3720,47,0,0,Yes,1,21,0,0,1,0,0,0,0,0,0,0,0,0,0,1,0,0,0,0,0,9
1060,3720,51.5,0,0,Yes,1,21.5,0,0,1,0,0,0,0,0,0,0,0,0,0,1,0,0,0,0,0,6.9
1061,3720,50,0,0,Yes,1,30,0,0,1,0,0,0,0,0,0,0,0,0,0,1,0,0,0,0,0,16.2
1062,3720,33,4,1,Yes,1,21,0,0,1,0,0,0,0,0,0,0,0,0,0,1,0,0,0,0,0,17
1063,3720,62,0,0,Yes,1,36,0,0,1,0,0,0,0,0,0,0,0,0,0,1,0,0,0,0,0,16.8
1064,3720,56.5,0,0,Yes,1,28.6,0,0,1,0,0,0,0,0,0,0,0,0,0,1,0,0,0,0,0,18
1065,4220,47,0,0,Yes,1,29.4,0,0,1,0,0,0,0,0,0,0,0,0,0,1,0,0,0,0,0,13.7
1066,4220,NA,4,9,No,3,22.6,4,3,1,2,8,0,0,8,0,0,0,0,0,1,0,0,0,0,0,12
1067,4220,NA,4,9,No,3,21,4,5,1,2,3,0,0,3,4,1,1,0,0,1,0,0,0,0,0,13.5
1068,4220,NA,4,9,No,3,20.5,4,7,1,5,5,0,0,5,4,6,5,4,2,1,1,2,0,0,2,12.3
1069,4220,NA,4,9,No,3,21.5,4,6,1,5,6,0,0,6,4,6,6,4,2,1,1,1,0,0,1,13.4
1070,4220,42.5,4,4,Yes,1,20,4,3,1,1,1,1,0,2,0,0,0,0,0,1,0,0,0,0,0,12.7
1071,4220,41,4,5,Yes,1,28.5,4,3,1,5,0,5,0,5,4,1,1,0,0,1,0,0,0,0,0,19
1072,4220,NA,4,9,No,3,20,0,0,1,0,0,0,0,0,0,0,0,0,0,1,0,0,0,0,0,15.4
1074,4220,45,0,0,Yes,1,31,0,0,1,0,0,0,0,0,0,0,0,0,0,1,0,0,0,0,0,14.3
1075,4220,47.5,4,7,Yes,1,38.5,0,0,1,0,0,0,0,0,0,0,0,0,0,1,0,0,0,0,0,14
1076,4220,34.5,0,0,Yes,1,17.5,0,0,1,0,0,0,0,0,0,0,0,0,0,1,0,0,0,0,0,14.2
1077,4220,NA,4,9,No,3,22.5,4,7,1,5,7,0,0,7,4,6,7,0,0,1,0,0,0,0,0,13
1078,4220,50.5,0,0,Yes,1,22,0,0,1,0,0,0,0,0,0,0,0,0,0,1,0,0,0,0,0,16
1079,4220,NA,4,9,No,3,17.6,4,7,1,5,5,0,0,5,4,6,5,4,1,1,1,1,0,0,1,11.6
1080,4220,24.5,4,3,Yes,1,15,0,0,1,0,0,0,0,0,0,0,0,0,0,1,0,0,0,0,0,12
1081,4220,NA,4,9,No,3,24,4,7,1,5,5,0,0,5,4,7,5,4,1,1,0,1,0,0,1,11.4
1082,4220,45.5,4,3,Yes,1,24.2,0,0,1,0,0,0,0,0,0,0,0,0,0,1,0,0,0,0,0,13.1
1083,4220,47.5,4,2,Yes,1,27.2,0,0,1,0,0,0,0,0,0,0,0,0,0,1,0,0,0,0,0,17.8
1084,4220,NA,4,9,No,3,22.6,4,6,1,7,5,2,0,7,4,5,7,0,0,1,0,0,0,0,0,16.2
1085,4220,NA,4,9,No,3,26,4,6,1,3,5,1,0,6,4,5,5,0,0,1,0,0,0,0,0,14.9
1086,4220,64,4,2,Yes,1,36.6,0,0,1,0,0,0,0,0,0,0,0,0,0,1,0,0,0,0,0,17.6
1087,4220,72.5,0,0,Yes,1,40.2,0,0,1,0,0,0,0,0,0,0,0,0,0,1,0,0,0,0,0,17.8
1088,4220,NA,4,9,No,3,24,4,8,1,4,6,0,0,6,4,7,5,4,4,1,3,3,0,0,3,11.6
1089,4220,38,4,8,Yes,1,26.9,4,8,1,6,7,0,0,7,4,8,7,4,2,1,2,3,0,0,3,14
1090,4220,21,4,8,Yes,2,15.6,4,7,1,3,7,0,0,7,4,5,6,4,2,1,0,5,0,0,5,10.2
1091,4220,27.5,4,8,Yes,6,24.1,4,7,1,4,9,0,0,9,4,7,7,4,4,1,3,4,0,0,4,17.6
1092,4220,NA,4,9,No,3,35.5,4,7,1,10,10,0,0,10,4,7,10,4,2,1,5,5,0,0,5,15.6
1093,4220,NA,4,9,No,3,27,4,7,1,6,8,0,0,8,4,7,8,4,3,1,2,3,0,0,3,11.6
1094,4220,NA,4,9,No,3,27,4,8,1,8,12,0,0,12,4,8,12,4,4,1,5,5,0,0,5,19.6
1095,4220,NA,4,9,No,3,26,4,7,1,5,7,0,0,7,4,7,7,4,3,1,4,6,0,0,6,13.1
1096,4220,NA,4,9,No,3,24.6,4,8,1,8,10,0,0,10,4,8,10,4,4,1,6,6,0,0,6,14.6
1097,4280,62,4,7,Yes,1,35.5,4,4,1,5,5,0,0,5,4,2,5,0,0,1,0,0,0,0,0,14.2
1098,4280,NA,4,9,No,3,28,4,6,1,2,3,0,0,3,4,6,3,0,0,1,0,0,0,0,0,14.4
1099,4280,43.5,4,3,Yes,1,22.5,0,0,1,0,0,0,0,0,0,0,0,0,0,1,0,0,0,0,0,10
1100,4280,57,4,3,Yes,1,31,0,0,1,0,0,0,0,0,0,0,0,0,0,1,0,0,0,0,0,11.6
1101,4280,51.5,0,0,Yes,1,36,0,0,1,0,0,0,0,0,0,0,0,0,0,1,0,0,0,0,0,13.6
1102,4280,32.5,4,1,Yes,1,18.5,4,1,1,0,1,0,0,1,4,1,1,4,1,1,1,0,1,0,1,13
1103,4280,66.5,4,2,Yes,1,39.5,0,0,1,0,0,0,0,0,0,0,0,0,0,1,0,0,0,0,0,17
1104,4280,52.5,4,7,Yes,1,34.5,4,7,1,6,6,0,0,6,4,6,6,4,2,1,1,1,0,0,1,16
1105,4280,NA,4,9,No,3,24,4,6,1,4,4,0,0,4,4,6,4,4,2,1,1,1,0,0,1,13.2
1106,4280,43,4,7,Yes,1,24.5,4,7,1,9,9,0,0,9,4,7,9,0,0,1,0,0,0,0,0,12
1107,4280,47.5,4,7,Yes,1,33.3,4,8,1,5,6,0,0,6,4,7,6,4,2,1,4,5,0,0,5,13.3
1108,4280,50,4,6,Yes,2,30.7,4,4,1,4,4,1,0,5,4,3,4,4,2,1,1,1,1,0,2,17.2
1109,4280,66,4,6,Yes,2,43.5,4,5,1,3,1,2,0,3,4,2,1,0,0,1,0,0,0,0,0,20.9
1110,4280,43,4,7,Yes,6,28,4,7,1,4,4,0,0,4,4,6,4,0,0,1,0,0,0,0,0,13
1111,4280,39.5,4,8,Yes,1,29,4,6,1,4,4,0,0,4,4,5,4,0,0,1,0,0,0,0,0,13.8
1112,4280,40,4,7,Yes,1,26.7,4,7,1,4,7,0,0,7,4,6,7,4,1,1,0,4,0,0,4,14
1113,4280,47.5,4,4,Yes,1,23.7,0,0,1,0,0,0,0,0,0,0,0,0,0,1,0,0,0,0,0,17
1114,4280,52.5,4,4,Yes,1,37.3,0,0,1,0,0,0,0,0,0,0,0,0,0,1,0,0,0,0,0,16.8
1115,4280,50,4,8,Yes,1,39,4,8,1,7,7,0,0,7,4,7,7,4,3,1,1,1,0,0,1,14.5
1116,4280,NA,4,9,No,3,28.7,4,8,1,10,10,0,0,10,4,8,10,4,3,1,3,10,0,0,10,15.5
1117,4280,34,4,8,Yes,1,28.3,4,7,1,7,7,0,0,7,4,7,7,4,3,1,3,4,0,0,4,13.6
1118,4280,NA,4,9,No,3,34,4,8,1,7,7,0,0,7,4,7,7,4,3,1,4,6,0,0,6,14.8
1119,4280,NA,4,9,No,3,20.5,4,7,1,7,7,0,0,7,4,6,7,4,2,1,1,6,0,0,6,12
1120,4280,32.5,4,8,Yes,2,26.5,4,7,1,6,6,0,0,6,4,6,6,4,2,1,1,2,0,0,2,11
1121,4280,12.5,0,0,Yes,1,11.5,0,0,1,0,0,0,0,0,0,0,0,0,0,1,0,0,0,0,0,9.6
1122,4280,NA,4,9,No,3,15.5,4,8,6,6,6,0,0,6,4,7,6,4,4,1,2,6,0,0,6,8
1123,4280,40.5,0,0,Yes,1,19,0,0,1,0,0,0,0,0,0,0,0,0,0,1,0,0,0,0,0,12.9
1124,4280,37,0,0,Yes,1,22,0,0,1,0,0,0,0,0,0,0,0,0,0,1,0,0,0,0,0,19.3
1125,4280,66,0,0,Yes,1,28.5,0,0,1,0,0,0,0,0,0,0,0,0,0,1,0,0,0,0,0,20
1126,4280,38.5,0,0,Yes,1,26.5,0,0,1,0,0,0,0,0,0,0,0,0,0,1,0,0,0,0,0,10.5
1127,4280,40.5,0,0,Yes,1,20,0,0,1,0,0,0,0,0,0,0,0,0,0,1,0,0,0,0,0,14.4
1128,4280,54.5,4,6,Yes,1,30.5,0,0,1,0,0,0,0,0,0,0,0,0,0,1,0,0,0,0,0,16
1129,4280,51,0,0,Yes,1,25,0,0,1,0,0,0,0,0,0,0,0,0,0,1,0,0,0,0,0,16.3
1130,3400,NA,4,9,No,3,12,4,2,1,1,1,0,0,1,4,1,1,0,0,1,0,0,0,0,0,9.5
1131,3400,46,4,6,Yes,2,36,4,2,1,1,1,0,0,1,0,0,0,0,0,1,0,0,0,0,0,17.5
1132,3400,39.5,4,6,Yes,1,21,0,0,1,0,0,0,0,0,0,0,0,0,0,1,0,0,0,0,0,15
1133,3400,29.5,0,0,Yes,1,17,0,0,1,0,0,0,0,0,0,0,0,0,0,1,0,0,0,0,0,9.5
1134,3400,NA,4,9,No,3,17,0,0,1,0,0,0,0,0,0,0,0,0,0,1,0,0,0,0,0,11.2
1135,3400,NA,4,9,No,3,25.5,4,5,1,6,8,0,0,8,4,5,7,4,1,1,0,1,0,0,1,12.5
1136,3400,43,4,8,Yes,6,36.5,4,3,1,2,1,2,0,3,4,3,3,4,2,1,2,0,2,0,2,17.2
1137,3400,46.5,4,7,Yes,2,30.5,4,3,1,2,0,2,0,2,0,0,0,0,0,1,0,0,0,0,0,18.5
1138,3400,46.5,4,2,Yes,1,23.5,4,2,1,1,0,1,0,1,0,0,0,0,0,1,0,0,0,0,0,12.5
1139,3400,NA,4,9,No,3,24,4,4,1,2,3,0,0,3,4,4,3,0,0,1,0,0,0,0,0,10.7
1140,3400,NA,4,9,No,3,33,4,4,1,3,4,0,0,4,4,5,5,0,0,1,0,0,0,0,0,13.8
1141,3400,41,4,7,Yes,2,23.5,4,3,1,2,2,0,0,2,4,5,4,0,0,1,0,0,0,0,0,16.4
1142,3400,NA,4,9,No,3,22.5,4,4,1,3,4,0,0,4,4,4,4,0,0,1,0,0,0,0,0,12
1143,3400,NA,4,9,No,3,20,4,6,1,4,7,0,0,7,4,6,7,4,4,1,2,3,0,0,3,11.3
1144,3400,NA,4,9,No,3,NA,4,9,3,NA,NA,NA,NA,NA,4,9,NA,4,3,1,1,4,0,0,4,14
1145,3400,NA,4,9,No,3,23,4,6,1,7,8,0,0,8,4,6,8,4,4,1,6,6,0,0,6,12
1146,3400,NA,4,9,No,3,17,4,2,1,1,2,0,0,2,4,1,2,0,0,1,0,0,0,0,0,12
1147,3400,NA,4,9,No,3,19,4,5,1,4,5,0,0,5,4,6,5,4,4,1,1,2,0,0,2,8
1148,3400,NA,4,9,No,3,19.5,4,5,1,6,8,0,0,8,4,5,8,0,0,1,0,0,0,0,0,10.8
1149,3400,NA,4,9,No,3,10,4,6,6,3,7,0,0,7,4,5,7,4,1,1,0,5,1,0,6,6
1150,3400,NA,4,9,No,3,27,4,4,1,6,6,0,0,6,4,5,6,4,3,1,1,1,0,0,1,13
1151,3400,48,4,3,Yes,1,26,4,2,1,1,1,0,0,1,4,2,1,0,0,1,0,0,0,0,0,12
1152,3400,55,4,7,Yes,6,30,4,2,1,1,1,0,0,1,0,0,0,0,0,1,0,0,0,0,0,13
1153,3400,NA,4,9,No,3,14.5,4,4,1,2,1,1,0,2,4,4,4,4,1,1,0,1,1,0,2,9
1154,3400,47.5,4,3,Yes,1,29,0,0,1,0,0,0,0,0,0,0,0,0,0,1,0,0,0,0,0,12
1155,3400,NA,4,9,No,3,27,4,7,1,8,9,0,0,9,4,6,9,4,1,1,0,2,0,0,2,17
1156,3400,57.5,0,0,Yes,1,34,0,0,1,0,0,0,0,0,0,0,0,0,0,1,0,0,0,0,0,12
1157,3400,NA,4,9,No,3,27.5,4,5,1,4,6,0,0,6,4,6,6,0,0,1,0,0,0,0,0,13.2
1158,3400,NA,4,9,No,3,26,4,8,2,6,14,0,0,14,4,8,12,4,5,1,4,6,0,0,6,16.8
1159,3400,NA,4,9,No,3,26,4,8,1,12,15,0,0,15,4,8,15,4,4,1,6,10,0,0,10,14.4
1161,3400,NA,4,9,No,3,28.5,4,7,1,5,9,0,0,9,4,6,9,4,4,1,2,4,0,0,4,9.6
1162,3720,53.5,0,0,Yes,1,28,0,0,1,0,0,0,0,0,0,0,0,0,0,1,0,0,0,0,0,11.2
1163,3720,NA,4,9,No,3,25,4,3,1,2,2,0,0,2,0,0,0,0,0,1,0,0,0,0,0,10.8
1164,3720,NA,4,9,No,3,27.5,4,3,1,2,2,1,0,3,4,3,1,0,0,1,0,0,0,0,0,14
1165,3720,NA,4,9,No,3,30,4,5,1,2,3,0,0,3,4,5,2,0,0,1,0,0,0,0,0,12.4
1166,3720,59.5,0,0,Yes,1,30,0,0,1,0,0,0,0,0,0,0,0,0,0,1,0,0,0,0,0,10
1167,3720,NA,4,9,No,3,32,4,4,1,3,8,0,0,8,4,5,5,0,0,1,0,0,0,0,0,18.5
1168,3720,65.5,4,7,Yes,1,31.5,4,2,1,1,3,0,0,3,4,1,2,0,0,1,0,0,0,0,0,13.6
1169,3720,NA,4,9,No,3,27,4,3,1,1,1,0,0,1,0,0,0,0,0,1,0,0,0,0,0,12.8
1170,3720,NA,4,9,No,3,29.5,4,5,1,3,3,0,0,3,4,5,3,4,1,1,0,2,0,0,2,11
1171,3720,NA,4,9,No,3,25,4,7,1,3,3,0,0,3,4,6,3,4,3,1,1,1,0,0,1,10
1172,3720,34.5,4,8,Yes,6,24,4,6,1,3,7,0,0,7,4,6,4,0,0,1,0,0,0,0,0,12.5
1173,3720,NA,4,9,No,3,27.5,4,7,1,5,6,0,0,6,4,6,5,0,0,1,0,0,0,0,0,11
1174,3720,NA,4,9,No,3,28,4,5,1,3,3,0,0,3,4,6,3,4,2,1,1,1,0,0,1,17
1175,3720,NA,4,9,No,3,26,4,7,1,8,8,0,0,8,4,7,8,4,4,1,2,4,0,0,4,15
1176,3720,NA,4,9,No,3,25,4,7,1,6,8,0,0,8,4,7,8,4,4,1,3,6,0,0,6,16.2
1177,3720,NA,4,9,No,3,28,4,8,1,8,10,0,0,10,4,8,10,4,5,1,2,6,0,0,6,14
1178,3720,NA,4,9,No,3,20,0,0,1,0,0,0,0,0,0,0,0,0,0,1,0,0,0,0,0,10.5
1179,3720,59.5,4,4,Yes,1,30.5,4,1,1,1,1,0,0,1,0,0,0,0,0,1,0,0,0,0,0,12.5
1180,3720,58,4,5,Yes,1,35,4,2,1,1,0,1,0,1,4,1,1,0,0,1,0,0,0,0,0,14.5
1181,3720,52.5,0,0,Yes,1,35.5,0,0,1,0,0,0,0,0,0,0,0,0,0,1,0,0,0,0,0,14.1
1182,3720,NA,4,9,No,3,28,4,4,1,2,1,1,0,2,4,5,2,4,1,1,1,1,0,0,1,14.5
1183,3720,NA,4,9,No,3,25,4,1,1,2,1,1,0,2,0,0,0,0,0,1,0,0,0,0,0,13.7
1184,3720,33,4,7,Yes,1,25,4,2,1,9,10,1,0,11,4,2,1,0,0,1,0,0,0,0,0,16
1185,3720,39.5,0,0,Yes,1,32,0,0,1,0,0,0,0,0,0,0,0,0,0,1,0,0,0,0,0,17
1186,3720,29,0,0,Yes,1,18.5,0,0,1,0,0,0,0,0,0,0,0,0,0,1,0,0,0,0,0,9
1187,3720,27,0,0,Yes,1,18.5,0,0,1,0,0,0,0,0,0,0,0,0,0,1,0,0,0,0,0,15
1188,3720,44,0,0,Yes,1,20,0,0,1,0,0,0,0,0,0,0,0,0,0,1,0,0,0,0,0,14.2
1189,3720,57.5,0,0,Yes,1,33,0,0,1,0,0,0,0,0,0,0,0,0,0,1,0,0,0,0,0,17
1190,3720,NA,4,9,No,3,25,4,7,1,8,8,0,0,8,4,7,8,4,1,1,1,2,0,0,2,13.1
1191,3720,NA,4,9,No,3,11,4,3,1,2,2,0,0,2,4,1,2,0,0,1,0,0,0,0,0,7
1192,3720,NA,4,9,No,3,26,4,8,1,9,10,0,0,10,4,8,9,4,4,1,2,4,0,0,4,17
1193,3720,NA,4,9,No,3,16,4,7,1,4,4,0,0,4,4,7,4,4,2,1,2,4,0,0,4,8.1
1194,4220,53,4,1,Yes,1,36.6,0,0,1,0,0,0,0,0,0,0,0,0,0,1,0,0,0,0,0,11.5
1195,4220,56.5,0,0,Yes,1,32.4,0,0,1,0,0,0,0,0,0,0,0,0,0,1,0,0,0,0,0,11
1196,4220,49,4,6,Yes,6,29.8,4,6,1,3,3,2,0,5,4,5,3,0,0,1,0,0,0,0,0,13
1197,4220,55,4,7,Yes,1,35,4,5,1,1,1,0,0,1,4,5,1,4,1,1,0,1,0,0,1,11
1198,4220,NA,4,9,No,3,27.5,4,3,1,4,1,3,0,4,4,2,3,4,1,1,0,2,0,0,2,16.8
1199,4220,NA,4,9,No,3,16.6,4,3,1,3,5,0,0,5,4,1,3,0,0,1,0,0,0,0,0,8.5
1200,4220,56,0,0,Yes,1,27.6,0,0,1,0,0,0,0,0,0,0,0,0,0,1,0,0,0,0,0,12.2
1201,4220,NA,4,9,No,NA,NA,4,9,3,NA,NA,NA,NA,NA,4,7,5,4,5,6,2,5,0,0,5,15
1202,4220,NA,4,9,No,3,20.5,4,6,1,3,4,0,0,4,4,5,4,0,0,1,0,0,0,0,0,7.4
1203,4220,40.5,4,8,Yes,1,27.6,4,7,1,5,7,0,0,7,4,6,7,4,3,1,4,6,0,0,6,16
1204,4220,NA,4,9,No,3,24.4,4,7,1,5,6,0,0,6,4,4,6,4,1,1,0,1,0,0,1,11
1205,4220,NA,4,9,No,3,15.3,4,8,2,3,3,0,0,3,4,6,3,0,0,1,0,0,0,0,0,7.3
1206,4220,NA,4,9,No,NA,NA,4,9,3,NA,NA,NA,NA,NA,4,5,3,4,3,1,3,3,0,2,5,12.6
1207,4220,NA,4,9,No,3,31.3,4,7,1,6,8,0,0,8,4,7,8,4,4,1,3,5,0,0,5,11.3
1208,4220,NA,4,9,No,3,24.6,4,7,1,2,4,0,0,4,4,5,4,4,3,1,2,2,0,0,2,10.5
1209,4220,37.5,4,8,Yes,1,26.2,4,8,1,9,9,0,0,9,4,8,9,4,4,1,9,9,0,0,9,14.9
1210,4220,36,4,6,Yes,1,22.8,4,2,1,1,0,1,0,1,0,0,0,0,0,1,0,0,0,0,0,9
1211,4220,NA,4,9,No,3,NA,4,9,3,NA,NA,NA,NA,NA,4,8,14,4,6,1,5,14,1,0,15,10
1212,4220,NA,4,9,No,3,19,4,8,2,3,5,0,0,5,4,4,5,4,2,1,0,3,0,0,3,8.9
1213,4220,50,0,0,Yes,1,26.5,0,0,1,0,0,0,0,0,0,0,0,0,0,1,0,0,0,0,0,9.3
1214,4220,33.5,4,8,Yes,2,30,4,7,1,4,4,0,0,4,4,5,4,4,4,1,1,1,0,0,1,13
1215,4220,NA,4,9,No,3,30,4,7,1,3,5,0,0,5,4,6,3,4,3,1,2,2,0,0,2,13.3
1216,4220,50.5,0,0,Yes,1,25.5,0,0,1,0,0,0,0,0,0,0,0,0,0,1,0,0,0,0,0,13.5
1217,4220,52.5,0,0,Yes,1,31.9,0,0,1,0,0,0,0,0,0,0,0,0,0,1,0,0,0,0,0,17
1218,4220,36.5,4,2,Yes,1,21,4,2,1,1,0,0,1,1,0,0,0,4,1,1,1,0,1,0,1,12
1219,4220,NA,4,9,No,3,14.2,0,0,1,0,0,0,0,0,0,0,0,0,0,1,0,0,0,0,0,7
1220,4220,42,0,0,Yes,1,20,0,0,1,0,0,0,0,0,0,0,0,0,0,1,0,0,0,0,0,8.5
1221,4220,NA,4,9,No,3,28.3,4,7,1,3,5,0,0,5,4,6,5,4,3,1,2,3,0,0,3,10.5
1222,4220,NA,4,9,No,3,33.3,4,7,1,9,10,0,0,10,4,7,10,4,6,1,9,10,0,0,10,15.6
1223,4220,NA,4,9,No,3,19.5,4,7,1,4,4,0,0,4,4,5,4,4,3,1,2,4,0,0,4,9.5
1224,4220,NA,4,9,No,3,NA,4,9,3,NA,NA,NA,NA,NA,4,8,14,4,7,1,10,14,0,0,14,14.3
1225,4220,31,4,8,Yes,2,27,4,8,1,7,8,0,0,8,4,8,8,4,6,1,6,8,0,0,8,15
1226,4100,28,4,7,Yes,1,23.3,4,7,1,3,4,0,0,4,4,7,3,4,3,1,1,2,0,0,2,7.4
1227,4100,37,4,7,Yes,1,24.5,4,7,1,7,7,0,0,7,4,7,7,4,2,1,3,4,0,0,4,12.2
1228,4100,52.5,4,1,Yes,1,23,4,1,1,0,0,1,0,1,4,1,2,4,1,1,0,0,0,1,1,12
1229,4100,43.5,4,7,Yes,2,22,4,5,1,3,1,2,0,3,4,2,3,4,2,1,1,0,0,1,1,12
1230,4100,43,0,0,Yes,1,27,0,0,1,0,0,0,0,0,0,0,0,0,0,1,0,0,0,0,0,15
1231,4100,40.5,4,6,Yes,1,24.5,4,4,1,4,3,1,0,4,0,0,0,0,0,1,0,0,0,0,0,12
1232,4100,40.5,4,6,Yes,6,28,4,6,1,4,2,2,0,4,4,4,4,0,0,1,0,0,0,0,0,14
1233,4100,NA,4,9,No,3,24,4,8,1,4,17,0,0,17,4,6,17,4,5,1,4,17,0,0,17,16.8
1234,4100,NA,4,9,No,3,26,4,6,1,3,5,0,0,5,4,5,5,4,1,1,0,5,0,0,5,12
1235,4100,24,0,0,Yes,1,15.8,0,0,1,0,0,0,0,0,0,0,0,0,0,1,0,0,0,0,0,12
1236,4100,19,0,0,Yes,1,14.5,0,0,1,0,0,0,0,0,0,0,0,0,0,1,0,0,0,0,0,10
1237,4100,36.5,4,8,Yes,1,27.8,4,7,1,5,7,0,0,7,4,7,7,4,5,1,2,4,0,0,4,13.9
1238,4100,NA,4,9,No,3,24,4,7,1,4,5,0,0,5,4,6,5,4,1,1,0,1,0,0,1,13
1239,4100,38,4,8,Yes,2,29.4,4,7,1,11,12,0,0,12,4,7,12,4,2,1,10,12,0,0,12,15.2
1240,4100,45,4,8,Yes,1,35.5,4,7,1,5,7,0,0,7,4,6,6,4,2,1,3,4,0,0,4,18
1241,4100,46.5,0,0,Yes,1,24.4,0,0,1,0,0,0,0,0,0,0,0,0,0,1,0,0,0,0,0,12.5
1242,4100,33,0,0,Yes,1,19.5,0,0,1,0,0,0,0,0,0,0,0,0,0,1,0,0,0,0,0,7.9
1243,4100,40,0,0,Yes,1,20,0,0,1,0,0,0,0,0,0,0,0,0,0,1,0,0,0,0,0,14
1244,4100,47,0,0,Yes,1,32.4,0,0,1,0,0,0,0,0,0,0,0,0,0,1,0,0,0,0,0,13
1245,4100,34.5,0,0,Yes,1,25.4,0,0,1,0,0,0,0,0,0,0,0,0,0,1,0,0,0,0,0,14.5
1246,4100,28,0,0,Yes,1,20,0,0,1,0,0,0,0,0,0,0,0,0,0,1,0,0,0,0,0,13.5
1247,4100,NA,4,9,No,3,20.5,4,8,2,3,3,0,0,3,4,6,3,0,0,1,0,0,0,0,0,10
1248,4100,NA,4,9,No,3,27,4,8,1,7,7,0,0,7,4,8,7,4,2,1,2,2,0,0,2,13.3
1249,4100,NA,4,9,No,3,19.5,4,7,1,7,7,0,0,7,4,7,7,4,2,1,4,7,0,0,7,13
1250,4100,37,4,8,Yes,2,30,4,8,1,10,18,0,0,18,4,8,18,4,5,1,10,18,0,0,18,17.6
1251,4100,NA,4,9,No,3,16.5,4,8,1,13,15,0,0,15,4,8,15,4,5,1,12,15,0,0,15,12.7
1252,4100,50.5,0,0,Yes,1,NA,0,0,1,0,0,0,0,0,0,0,0,0,0,1,0,0,0,0,0,14.3
1253,4100,NA,4,9,No,3,32.3,4,7,1,3,3,0,0,3,4,6,3,4,3,1,3,1,1,1,3,12.5
1254,4100,45.5,0,0,Yes,1,34,0,0,1,0,0,0,0,0,0,0,0,0,0,1,0,0,0,0,0,11.8
1255,4100,NA,4,9,No,3,32,4,4,1,1,1,0,0,1,0,0,0,0,0,1,0,0,0,0,0,11.1
1256,4100,28.5,4,8,Yes,2,21,4,6,1,4,8,0,0,8,4,6,8,0,0,1,0,0,0,0,0,14.9
1257,4100,26,4,7,Yes,1,19,4,8,1,6,8,0,0,8,4,7,8,4,3,1,5,8,0,0,8,15.3
1258,3240,41,4,6,Yes,1,34,0,0,1,0,0,0,0,0,0,0,0,0,0,1,0,0,0,0,0,16.3
1259,3240,42,0,0,Yes,1,23,0,0,1,0,0,0,0,0,0,0,0,0,0,1,0,0,0,0,0,15
1260,3240,NA,9,9,NA,NA,19.5,0,0,1,0,0,0,0,0,0,0,0,0,0,1,0,0,0,0,0,12.5
1261,3240,NA,4,9,No,3,13,0,0,1,0,0,0,0,0,0,0,0,0,0,1,0,0,0,0,0,11.5
1262,3240,43,0,0,Yes,1,23,0,0,1,0,0,0,0,0,0,0,0,0,0,1,0,0,0,0,0,11.8
1263,3240,21.5,0,0,Yes,2,16.5,0,0,1,0,0,0,0,0,0,0,0,0,0,1,0,0,0,0,0,12.5
1264,3240,61,0,0,Yes,1,35,0,0,1,0,0,0,0,0,0,0,0,0,0,1,0,0,0,0,0,17.5
1265,3240,NA,4,9,No,3,33,4,3,1,3,3,0,0,3,0,0,0,0,0,1,0,0,0,0,0,17.2
1266,3240,60.5,4,6,Yes,1,35,4,3,1,2,1,1,0,2,4,3,1,0,0,1,0,0,0,0,0,16
1267,3240,NA,4,9,No,3,27.5,4,7,1,6,8,0,0,8,4,7,8,4,5,1,4,4,0,0,4,15.6
1268,3240,NA,4,9,No,3,32,4,4,1,8,5,6,0,11,4,3,4,0,0,1,0,0,0,0,0,18.9
1269,3240,NA,4,9,No,3,26.5,4,4,1,3,1,2,1,4,4,5,4,4,1,1,0,2,0,0,2,19
1271,3240,NA,4,9,No,3,30.5,4,7,1,6,13,0,0,13,4,6,11,4,5,1,3,7,0,0,7,22.2
1272,3240,NA,4,9,No,3,22,4,5,1,5,7,0,0,7,4,4,4,0,0,1,0,0,0,0,0,14
1273,3240,NA,4,9,No,3,20,4,7,2,4,5,0,0,5,4,7,5,4,4,1,3,4,0,0,4,9.5
1274,3240,NA,4,9,No,3,31,4,8,1,8,18,0,0,18,4,8,17,4,4,1,7,13,0,0,13,18.6
1275,3240,NA,4,9,No,3,24,4,7,1,7,8,0,0,8,4,6,8,4,4,1,3,4,0,0,4,14.4
1276,3240,NA,4,9,No,3,26,4,6,1,5,7,0,0,7,4,5,7,4,1,1,0,2,0,0,2,13.4
1277,3240,NA,4,9,No,3,28.5,4,6,1,5,5,0,0,5,4,6,5,4,3,1,4,4,0,0,4,14.8
1278,3240,NA,4,9,No,3,20,4,8,1,8,11,0,0,11,4,8,11,4,6,1,7,11,0,0,11,12.5
1279,3240,NA,4,9,No,3,22,4,5,1,5,5,0,0,5,4,5,5,0,0,1,0,0,0,0,0,11.9
1280,3240,NA,4,9,No,3,19.5,4,5,1,2,5,0,0,5,4,5,5,4,1,1,0,2,0,0,2,9
1281,3240,NA,9,9,NA,NA,12,0,0,1,0,0,0,0,0,0,0,0,0,0,1,0,0,0,0,0,5.5
1282,3240,28,4,7,Yes,2,21.5,4,4,1,2,4,0,0,4,4,4,4,4,2,1,1,1,0,0,1,11.6
1283,3240,48.5,4,6,Yes,6,21.5,4,2,1,1,1,0,0,1,0,0,0,0,0,1,0,0,0,0,0,10.9
1284,3240,49,4,5,Yes,1,30,4,3,1,2,3,0,0,3,4,3,2,0,0,1,0,0,0,0,0,15
1285,3240,NA,4,9,No,3,29,0,0,1,0,0,0,0,0,4,2,1,0,0,1,0,0,0,0,0,14.5
1286,3240,56,0,0,Yes,1,28.5,0,0,1,0,0,0,0,0,0,0,0,0,0,1,0,0,0,0,0,13.2
1287,3240,49,4,3,Yes,1,26.5,4,3,1,2,1,1,0,2,0,0,0,0,0,1,0,0,0,0,0,18.3
1288,3240,NA,4,9,No,3,27.5,4,4,1,4,6,0,0,6,4,5,6,4,3,1,1,2,0,0,2,17.2
1289,3240,47,4,8,Yes,6,28.5,4,2,1,3,4,0,0,4,0,0,0,0,0,1,0,0,0,0,0,13.5
1290,3860,NA,4,9,No,3,19,4,4,1,2,2,0,0,2,4,5,2,0,0,1,0,0,0,0,0,8
1291,3860,NA,4,9,No,3,31,4,5,1,4,6,0,0,6,4,5,6,4,1,1,0,1,0,0,1,15.4
1292,3860,NA,4,9,No,3,29,4,5,1,3,4,0,0,4,4,4,2,0,0,1,0,0,0,0,0,13.9
1293,3860,NA,4,9,No,3,29.5,4,7,1,5,7,0,0,7,4,6,4,0,0,1,0,0,0,0,0,16.5
1294,3860,NA,4,9,No,3,27,4,7,1,4,5,0,0,5,4,7,4,0,0,1,0,0,0,0,0,11.7
1295,3860,NA,4,9,No,3,29,4,5,1,6,7,0,0,7,4,5,7,0,0,1,0,0,0,0,0,14.3
1296,3860,NA,4,9,No,3,26,4,3,1,2,1,1,0,2,4,2,1,0,0,1,0,0,0,0,0,14
1297,3860,47.5,4,7,Yes,6,28,4,2,1,2,6,0,0,6,4,1,2,4,1,1,0,1,0,0,1,14.1
1298,3860,62,4,2,Yes,1,38.5,0,0,1,0,0,0,0,0,0,0,0,0,0,1,0,0,0,0,0,17.5
1299,3860,NA,4,9,No,3,30,4,5,1,5,2,3,0,5,4,6,3,4,2,1,2,2,0,0,2,16.8
1300,3860,NA,4,9,No,3,28,4,6,1,5,7,0,0,7,4,6,5,4,2,1,1,3,0,0,3,15.3
1301,3860,NA,4,9,No,3,13,4,5,6,1,1,0,0,1,4,5,1,4,5,1,2,2,0,0,2,11.8
1302,3860,NA,4,9,No,3,29,4,6,1,4,4,0,0,4,4,5,4,4,2,1,1,2,0,0,2,14.5
1303,3860,NA,4,9,No,3,21,4,5,1,3,3,0,0,3,4,5,2,0,0,1,0,0,0,0,0,10.4
1304,3860,NA,4,9,No,3,19.5,4,7,1,5,5,0,0,5,4,6,5,4,4,1,3,3,0,0,3,9.5
1305,3860,NA,4,9,No,3,NA,4,9,3,NA,NA,NA,NA,NA,NA,NA,NA,4,9,NA,NA,NA,NA,NA,0,8.6
1306,3860,50.5,4,2,Yes,1,31,0,0,1,0,0,0,0,0,0,0,0,0,0,1,0,0,0,0,0,14.9
1307,3860,NA,4,9,No,3,38,4,5,1,3,3,0,0,3,4,6,3,0,0,1,0,0,0,0,0,15.9
1308,3860,NA,4,9,No,3,31.5,4,5,1,7,7,0,0,7,4,6,7,0,0,1,0,0,0,0,0,16.9
1309,3860,NA,4,9,No,3,20,4,4,1,2,1,1,0,2,4,7,2,4,2,1,1,1,1,0,2,13.3
1310,3860,40,0,0,Yes,1,24,0,0,1,0,0,0,0,0,0,0,0,0,0,1,0,0,0,0,0,12
1311,3860,49.5,0,0,Yes,1,27,0,0,1,0,0,0,0,0,0,0,0,0,0,1,0,0,0,0,0,11.6
1312,3860,49.5,4,8,Yes,1,32,4,5,1,6,6,0,0,6,4,5,6,0,0,1,0,0,0,0,0,16.5
1313,3860,NA,4,9,No,3,23,4,6,1,7,7,1,0,8,4,6,8,0,0,1,0,0,0,0,0,12
1314,3860,NA,4,9,No,3,28,4,8,1,7,8,0,0,8,4,8,6,4,4,1,4,4,0,0,4,15.9
1315,3860,NA,4,9,No,3,28.5,4,7,1,8,9,0,0,9,4,7,8,4,4,1,2,2,0,0,2,14.5
1316,3860,NA,4,9,No,3,29,4,7,1,5,7,0,0,7,4,6,5,4,3,1,2,3,0,0,3,16.5
1317,3860,59.5,0,0,Yes,1,29.5,0,0,1,0,0,0,0,0,0,0,0,0,0,1,0,0,0,0,0,13.4
1318,3860,50.5,0,0,Yes,1,24,0,0,1,0,0,0,0,0,0,0,0,0,0,1,0,0,0,0,0,16.8
1319,3860,51.5,0,0,Yes,1,31,0,0,1,0,0,0,0,0,0,0,0,0,0,1,0,0,0,0,0,15.2
1320,3860,45,0,0,Yes,1,24.5,0,0,1,0,0,0,0,0,0,0,0,0,0,1,0,0,0,0,0,13.4
1321,3860,45,0,0,Yes,1,28,0,0,1,0,0,0,0,0,0,0,0,0,0,1,0,0,0,0,0,13.5
1322,3400,45,0,0,Yes,1,37.5,0,0,1,0,0,0,0,0,0,0,0,0,0,1,0,0,0,0,0,17.6
1323,3400,53.5,0,0,Yes,1,29.6,0,0,1,0,0,0,0,0,0,0,0,0,0,1,0,0,0,0,0,12.7
1324,3400,66,0,0,Yes,1,33.5,0,0,1,0,0,0,0,0,0,0,0,0,0,1,0,0,0,0,0,17
1325,3400,52,0,0,Yes,1,37,0,0,1,0,0,0,0,0,0,0,0,0,0,1,0,0,0,0,0,15
1326,3400,NA,9,9,NA,NA,18,0,0,1,0,0,0,0,0,0,0,0,0,0,1,0,0,0,0,0,12
1327,3400,44,4,7,Yes,1,35.2,4,7,1,10,10,0,0,10,4,6,10,4,2,1,1,1,0,0,1,17
1328,3400,46,4,7,Yes,1,37.1,4,7,1,3,3,0,0,3,4,5,2,0,0,1,0,0,0,0,0,15.9
1329,3400,46.5,4,2,Yes,1,34,4,2,1,3,0,3,0,3,0,0,0,0,0,1,0,0,0,0,0,19.3
1330,3400,NA,4,9,No,3,31.9,4,6,1,4,6,0,0,6,4,5,6,4,3,1,1,1,0,0,1,17.2
1331,3400,43,4,5,Yes,2,31.8,4,4,1,5,6,0,0,6,4,1,2,0,0,1,0,0,0,0,0,15
1332,3400,NA,4,9,No,3,38.2,4,7,1,6,6,0,0,6,4,6,6,4,3,1,3,3,0,0,3,18.2
1333,3400,NA,4,9,No,3,NA,4,8,2,2,3,0,0,3,4,5,3,4,1,1,0,1,0,0,1,15
1334,3400,NA,4,9,No,3,29.5,4,8,2,4,6,0,0,6,4,7,6,4,5,1,4,5,0,0,5,14
1335,3400,NA,4,9,No,3,26.2,4,8,2,8,8,0,0,8,4,8,8,4,3,1,1,1,2,0,3,17.2
1336,3400,48.5,4,8,Yes,1,34.1,4,8,1,8,9,0,0,9,4,8,9,4,3,1,8,8,0,0,8,23.2
1337,3400,NA,4,9,No,3,27.7,4,8,1,8,10,0,0,10,4,7,10,4,6,1,5,10,0,0,10,15.8
1338,3400,NA,4,9,No,3,27.8,4,7,1,4,8,0,0,8,4,7,4,4,5,1,2,3,0,0,3,15.5
1339,3400,73,4,7,Yes,1,46,4,7,1,5,7,0,0,7,4,6,7,0,0,1,0,0,0,0,0,14.4
1340,3400,62.5,4,3,Yes,1,32.7,0,0,1,0,0,0,0,0,0,0,0,0,0,1,0,0,0,0,0,12.9
1341,3400,NA,4,9,No,3,22.8,4,7,1,3,4,0,0,4,4,7,4,4,1,1,0,1,0,0,1,12.8
1342,3400,55.5,0,0,Yes,1,33.6,0,0,1,0,0,0,0,0,0,0,0,0,0,1,0,0,0,0,0,12.1
1343,3400,59.5,4,6,Yes,1,39.2,0,0,1,0,0,0,0,0,0,0,0,0,0,1,0,0,0,0,0,12.5
1344,3400,59.5,4,6,Yes,6,29.5,4,3,1,1,1,2,0,3,0,0,0,0,0,1,0,0,0,0,0,9.8
1345,3400,NA,9,9,NA,NA,9,0,0,1,0,0,0,0,0,0,0,0,0,0,1,0,0,0,0,0,6.6
1346,3400,38,4,8,Yes,1,31,4,7,1,4,6,0,0,6,4,7,6,4,4,1,3,4,0,0,4,15.5
1347,3400,NA,4,9,No,3,18.7,4,8,1,4,5,0,0,5,4,7,5,4,5,1,3,3,0,0,3,10.9
1348,3400,34.5,4,8,Yes,1,27.6,4,8,1,5,6,0,0,6,4,7,6,4,4,1,6,6,0,0,6,16.5
1349,3400,NA,4,9,No,3,19.5,4,8,1,14,17,0,0,17,4,8,15,4,7,1,11,15,0,0,15,13
1350,3400,24.5,0,0,Yes,1,15.5,0,0,1,0,0,0,0,0,0,0,0,0,0,1,0,0,0,0,0,12.4
1351,3400,NA,4,9,No,3,13.9,4,6,1,2,2,0,0,2,4,5,2,4,3,1,1,1,0,0,1,10.1
1352,3400,28.5,0,0,Yes,1,16,0,0,1,0,0,0,0,0,0,0,0,0,0,1,0,0,0,0,0,13
1353,3400,41,4,8,Yes,1,26.7,4,7,1,5,6,0,0,6,4,7,6,4,3,1,2,2,0,0,2,13.6
1354,4280,NA,4,9,No,3,30.5,4,7,1,7,7,0,0,7,4,6,7,4,5,1,6,7,0,0,7,13.6
1355,4280,NA,4,9,No,3,22,4,7,1,7,7,0,0,7,4,6,7,4,2,1,1,1,0,0,1,13.6
1356,4280,58,4,8,Yes,1,31,4,7,1,6,6,0,0,6,4,7,6,4,2,1,2,2,0,0,2,14.6
1357,4280,38,4,8,Yes,2,27.3,4,6,1,2,2,0,0,2,4,5,1,0,0,1,0,0,0,0,0,10
1358,4280,44,4,8,Yes,1,30.5,4,7,1,3,5,0,0,5,4,7,5,4,4,1,3,3,0,0,3,14.5
1359,4280,NA,4,9,No,3,29.5,4,8,1,7,9,0,0,9,4,7,9,4,2,1,2,4,0,0,4,16.9
1360,4280,NA,4,9,No,3,29,4,5,1,2,2,2,0,4,0,0,0,0,0,1,0,0,0,0,0,13
1361,4280,NA,4,9,No,3,37.5,4,8,2,10,10,0,0,10,4,7,10,4,5,1,7,10,0,0,10,22.7
1362,4280,NA,4,9,No,3,31,4,8,2,9,9,0,0,9,4,8,9,4,6,1,8,8,0,0,8,23.6
1363,4280,9.5,0,0,Yes,2,NA,0,0,1,0,0,0,0,0,0,0,0,0,0,1,0,0,0,0,0,8.8
1364,4280,42,0,0,Yes,1,26,0,0,1,0,0,0,0,0,0,0,0,0,0,1,0,0,0,0,0,12.3
1365,4280,45,0,0,Yes,1,19.5,0,0,1,0,0,0,0,0,0,0,0,0,0,1,0,0,0,0,0,14.2
1366,4280,69,0,0,Yes,1,30.9,0,0,1,0,0,0,0,0,0,0,0,0,0,1,0,0,0,0,0,16.9
1367,4280,59.5,0,0,Yes,1,31,0,0,1,0,0,0,0,0,0,0,0,0,0,1,0,0,0,0,0,12
1368,4280,NA,4,9,No,3,19.5,4,6,1,2,2,0,0,2,4,5,2,0,0,1,0,0,0,0,0,12.4
1369,4280,NA,4,9,No,3,26,4,8,2,5,5,0,0,5,4,6,5,4,2,1,1,2,0,0,2,13
1370,4280,NA,4,9,No,3,14.5,4,8,2,2,2,0,0,2,4,6,2,4,2,1,1,1,0,0,1,9.9
1371,4280,37.5,0,0,Yes,1,16.5,0,0,1,0,0,0,0,0,0,0,0,0,0,1,0,0,0,0,0,12.5
1372,4280,53,4,5,Yes,1,34,4,1,1,1,1,0,0,1,0,0,0,0,0,1,0,0,0,0,0,13.5
1373,4280,53.5,0,0,Yes,1,35.5,0,0,1,0,0,0,0,0,0,0,0,0,0,1,0,0,0,0,0,13.6
1374,4280,NA,4,9,No,3,25,4,7,1,4,4,0,0,4,4,7,4,4,3,1,2,2,0,0,2,14.2
1375,4280,30.5,0,0,Yes,1,17.6,0,0,1,0,0,0,0,0,0,0,0,4,1,1,0,0,0,1,1,10.8
1376,4280,50.5,4,1,Yes,1,25.5,0,0,1,0,0,0,0,0,0,0,0,0,0,1,0,0,0,0,0,12.5
1377,4280,51.5,4,7,Yes,1,27.4,4,4,1,3,3,1,0,4,0,0,0,0,0,1,0,0,0,0,0,14
1378,4280,71,0,0,Yes,1,34.6,0,0,1,0,0,0,0,0,0,0,0,0,0,1,0,0,0,0,0,14
1379,4280,NA,4,9,No,3,17.5,4,7,1,4,7,0,0,7,4,7,7,4,5,1,3,5,0,0,5,11.9
1380,4280,51,4,6,Yes,1,39,4,4,1,3,3,0,0,3,0,0,0,0,0,1,0,0,0,0,0,19.1
1381,4280,57.5,4,4,Yes,1,30.5,0,0,1,0,0,0,0,0,0,0,0,0,0,1,0,0,0,0,0,13.2
1382,4280,NA,4,9,No,3,25.5,4,7,1,6,8,0,0,8,4,6,6,4,4,1,1,1,0,0,1,14.5
1383,4280,26.5,4,8,Yes,2,22.3,4,7,1,2,2,0,0,2,4,6,2,4,5,1,1,1,0,0,1,12
1384,4280,NA,4,9,No,3,26,4,6,1,3,3,0,0,3,4,5,2,4,3,1,2,2,0,0,2,14
1385,4280,47.5,4,6,Yes,2,27.5,4,5,1,2,1,1,0,2,4,3,1,0,0,1,0,0,0,0,0,11.7
1386,3240,26.5,0,0,Yes,1,17.5,0,0,1,0,0,0,0,0,0,0,0,0,0,1,0,0,0,0,0,14.8
1387,3240,NA,4,9,No,3,32.5,4,4,1,4,4,0,0,4,4,4,4,0,0,1,0,0,0,0,0,13.3
1388,3240,44,4,8,Yes,1,34.5,4,6,1,6,6,0,0,6,4,8,6,4,3,1,4,4,0,0,4,16
1389,3240,NA,4,9,No,3,19,4,1,1,1,1,0,0,1,0,0,0,0,0,1,0,0,0,0,0,9.5
1390,3240,67.5,4,7,Yes,2,41,4,4,1,3,3,1,0,4,4,3,3,4,3,1,1,1,0,0,1,21.4
1391,3240,48,0,0,Yes,1,27,0,0,1,0,0,0,0,0,0,0,0,0,0,1,0,0,0,0,0,15.1
1392,3240,NA,4,9,No,3,30.5,4,5,1,8,9,1,0,10,4,5,10,4,1,1,0,1,0,0,1,17.7
1393,3240,NA,4,9,No,3,25,4,4,1,2,3,0,0,3,4,5,2,4,2,1,2,2,0,0,2,16.5
1394,3240,72,0,0,Yes,1,33.5,0,0,1,0,0,0,0,0,0,0,0,0,0,1,0,0,0,0,0,15
1395,3240,55,0,0,Yes,1,28,0,0,1,0,0,0,0,0,0,0,0,0,0,1,0,0,0,0,0,13
1396,3240,44.5,4,2,Yes,1,32,4,1,1,0,0,0,2,2,4,1,2,0,0,1,0,0,0,0,0,19
1397,3240,NA,4,9,No,3,26,4,8,2,4,5,0,0,5,4,7,5,4,1,1,1,1,0,0,1,13.6
1398,3240,NA,4,9,No,3,30.5,4,5,1,5,6,0,0,6,4,6,6,0,0,1,0,0,0,0,0,15.5
1399,3240,NA,4,9,No,3,30,4,6,1,6,8,0,0,8,4,8,8,0,0,1,0,0,0,0,0,13.5
1400,3240,NA,4,9,No,3,25.5,4,5,1,2,3,0,0,3,4,4,2,0,0,1,0,0,0,0,0,13.5
1401,3240,40.5,4,8,Yes,6,34,4,5,1,7,9,0,0,9,4,5,9,4,2,1,1,2,0,0,2,24.5
1402,3240,NA,4,9,No,3,23,4,4,1,3,3,0,0,3,4,4,1,0,0,1,0,0,0,0,0,14.6
1403,3240,NA,4,9,No,3,21.5,4,7,1,5,5,0,0,5,4,5,3,0,0,1,0,0,0,0,0,14
1404,3240,NA,4,9,No,3,21,4,5,1,5,6,0,0,6,4,6,5,4,1,1,2,2,0,0,2,12.8
1405,3240,33.5,4,8,Yes,2,25,4,6,1,5,6,0,0,6,4,6,6,0,0,1,0,0,0,0,0,10.6
1406,3240,NA,4,9,No,3,21.5,4,5,1,4,4,0,0,4,4,5,4,4,1,1,0,1,0,0,1,12.5
1407,3240,55,4,5,Yes,1,33,4,2,1,1,0,1,0,1,4,1,1,0,0,1,0,0,0,0,0,14.5
1408,3240,NA,9,9,NA,NA,NA,9,9,3,NA,NA,NA,NA,NA,0,0,0,0,0,1,0,0,0,0,0,7.4
1409,3240,NA,4,9,No,3,22,4,7,2,4,4,0,0,4,4,7,4,4,3,1,1,2,0,0,2,9.9
1410,3240,NA,4,9,No,3,22,4,3,1,3,4,0,0,4,4,1,1,0,0,1,0,0,0,0,0,13.5
1411,3240,27,4,8,Yes,6,20,4,7,1,4,4,0,0,4,4,5,4,4,1,1,1,1,0,0,1,12.6
1412,3240,36.5,0,0,Yes,1,17.5,0,0,1,0,0,0,0,0,0,0,0,0,0,1,0,0,0,0,0,13
1413,3240,42.5,0,0,Yes,1,20,0,0,1,0,0,0,0,0,0,0,0,0,0,1,0,0,0,0,0,9.5
1414,3240,50.5,0,0,Yes,1,27.5,0,0,1,0,0,0,0,0,0,0,0,0,0,1,0,0,0,0,0,15
1415,3240,51,0,0,Yes,1,23,0,0,1,0,0,0,0,0,0,0,0,0,0,1,0,0,0,0,0,12.5
1416,3240,50,0,0,Yes,1,26.5,0,0,1,0,0,0,0,0,0,0,0,0,0,1,0,0,0,0,0,13.7
1417,3240,38,0,0,Yes,1,21.5,0,0,1,0,0,0,0,0,0,0,0,0,0,1,0,0,0,0,0,8.9
1418,3860,NA,4,9,No,3,15,4,6,1,5,8,0,0,8,4,7,4,4,3,1,1,4,0,0,4,6
1419,3860,NA,4,9,No,3,17,4,7,1,5,6,0,0,6,4,7,5,4,4,1,2,5,0,0,5,13
1420,3860,NA,4,9,No,3,22.5,4,7,1,5,5,0,0,5,4,7,5,4,3,1,3,3,0,0,3,11.4
1421,3860,NA,4,9,No,3,29,4,8,1,8,8,0,0,8,4,7,8,4,3,1,3,4,0,0,4,16.9
1422,3860,NA,4,9,No,3,21,4,5,1,3,4,0,0,4,4,5,4,0,0,1,0,0,0,0,0,11.1
1423,3860,NA,4,9,No,3,22,4,5,1,2,2,0,0,2,4,5,1,0,0,1,0,0,0,0,0,10
1424,3860,44,4,2,Yes,1,21.5,0,0,1,0,0,0,0,0,0,0,0,0,0,1,0,0,0,0,0,12.9
1425,3860,48.5,4,3,Yes,1,27,0,0,1,0,0,0,0,0,0,0,0,0,0,1,0,0,0,0,0,12.2
1426,3860,58.5,0,0,Yes,1,32,0,0,1,0,0,0,0,0,0,0,0,0,0,1,0,0,0,0,0,9.4
1427,3860,51.5,0,0,Yes,1,34.5,0,0,1,0,0,0,0,0,0,0,0,0,0,1,0,0,0,0,0,12.1
1428,3860,52,4,8,Yes,6,33,4,5,1,5,2,4,0,6,4,5,4,0,0,1,0,0,0,0,0,17.5
1429,3860,NA,4,9,No,3,27.5,4,5,1,3,4,0,0,4,4,6,4,0,0,1,0,0,0,0,0,14
1430,3860,NA,4,9,No,3,22,4,8,6,5,7,0,0,7,4,6,7,4,3,1,2,4,0,0,4,11.8
1431,3860,NA,4,9,No,3,NA,4,9,3,NA,NA,NA,NA,NA,4,9,NA,4,5,1,1,3,0,0,3,11.4
1432,3860,NA,4,9,No,3,30,4,7,1,6,6,0,0,6,4,6,6,0,0,1,0,0,0,0,0,14
1433,3860,30.5,4,7,Yes,2,25,4,6,1,3,3,0,0,3,4,6,3,4,3,1,1,2,0,0,2,9.5
1434,3860,19,0,0,Yes,1,11,0,0,1,0,0,0,0,0,0,0,0,0,0,1,0,0,0,0,0,7.9
1435,3860,NA,4,9,No,3,24,4,8,2,11,13,0,0,13,4,8,13,4,4,1,8,10,0,0,10,14.9
1436,3860,NA,4,9,No,3,32,4,7,1,11,11,0,0,11,4,7,11,4,4,1,7,11,0,0,11,15.4
1437,3860,NA,4,9,No,3,22,4,8,1,8,10,0,0,10,4,8,8,4,4,1,4,6,0,0,6,11.5
1438,3860,NA,4,9,No,3,36,4,8,1,12,15,0,0,15,4,8,15,4,4,1,7,13,0,0,13,19.2
1439,3860,63.5,0,0,Yes,1,31,0,0,1,0,0,0,0,0,0,0,0,0,0,1,0,0,0,0,0,17
1440,3860,40.5,0,0,Yes,1,23,0,0,1,0,0,0,0,0,0,0,0,0,0,1,0,0,0,0,0,11
1441,3860,58.5,0,0,Yes,1,42.5,0,0,1,0,0,0,0,0,0,0,0,0,0,1,0,0,0,0,0,18.5
1442,3860,41.5,0,0,Yes,1,28.5,0,0,1,0,0,0,0,0,0,0,0,0,0,1,0,0,0,0,0,16
1443,3860,41.5,0,0,Yes,1,28,0,0,1,0,0,0,0,0,0,0,0,0,0,1,0,0,0,0,0,15
1444,3860,38,4,8,Yes,1,32,4,8,1,10,12,0,0,12,4,8,11,4,5,1,10,11,0,0,11,17.2
1445,3860,51.5,4,3,Yes,1,34,0,0,1,0,0,0,0,0,0,0,0,0,0,1,0,0,0,0,0,15.4
1446,3860,40,4,8,Yes,6,28,4,7,1,7,7,0,0,7,4,7,7,4,2,1,0,3,0,0,3,13.8
1447,3860,NA,4,9,No,3,19,4,8,1,5,6,0,0,6,4,7,5,4,3,1,3,3,0,0,3,12
1448,3860,41.5,4,5,Yes,1,23,4,1,1,0,0,1,0,1,4,1,1,4,1,1,0,1,0,0,1,11
1449,3860,40.5,4,2,Yes,1,26.5,0,0,1,0,0,0,0,0,0,0,0,0,0,1,0,0,0,0,0,11.2
1450,3400,33,4,8,Yes,1,30,4,8,1,9,10,0,0,10,4,8,10,4,5,1,7,10,0,0,10,17.1
1451,3400,33.5,4,8,Yes,1,26.7,4,7,1,5,5,0,0,5,4,6,5,4,3,1,3,4,0,0,4,13
1452,3400,NA,4,9,No,3,NA,4,9,3,NA,NA,NA,NA,NA,4,8,9,4,6,1,8,9,0,0,9,11
1453,3400,36.5,4,7,Yes,1,27.5,4,7,1,4,6,0,0,6,4,6,6,4,1,1,1,2,0,0,2,12
1454,3400,37.5,0,0,Yes,1,22.5,0,0,1,0,0,0,0,0,0,0,0,0,0,1,0,0,0,0,0,12
1456,3400,39.5,0,0,Yes,1,24,0,0,1,0,0,0,0,0,0,0,0,0,0,1,0,0,0,0,0,15
1457,3400,40.5,0,0,Yes,1,19.1,0,0,1,0,0,0,0,0,0,0,0,0,0,1,0,0,0,0,0,12
1458,3400,NA,4,9,No,3,18.2,4,5,1,1,1,0,0,1,0,0,0,0,0,1,0,0,0,0,0,16
1459,3400,37,4,8,Yes,1,30.2,4,7,1,9,10,0,0,10,4,6,10,0,0,1,0,0,0,0,0,15.2
1460,3400,45.5,4,8,Yes,6,30.8,4,7,1,7,8,0,0,8,4,7,8,0,0,1,0,0,0,0,0,13.9
1461,3400,51.5,4,8,Yes,1,39.3,4,7,1,7,10,0,0,10,4,7,10,0,0,1,0,0,0,0,0,18.6
1462,3400,NA,4,9,No,3,24.1,4,7,1,6,6,0,0,6,4,5,6,4,1,1,1,1,1,0,2,12.5
1463,3400,NA,4,9,No,3,31.5,4,7,1,3,3,0,0,3,4,6,3,0,0,1,0,0,0,0,0,12.7
1464,3400,59.5,4,1,Yes,1,31,4,1,1,0,0,0,2,2,0,0,0,0,0,1,0,0,0,0,0,14
1465,3400,54.5,0,0,Yes,1,24.4,0,0,1,0,0,0,0,0,0,0,0,0,0,1,0,0,0,0,0,9.6
1466,3400,NA,4,9,No,3,26,4,3,1,4,3,2,0,5,4,1,1,4,1,1,0,1,0,0,1,12.5
1467,3400,59,0,0,Yes,1,39,0,0,1,0,0,0,0,0,0,0,0,0,0,1,0,0,0,0,0,12.3
1468,3400,54,0,0,Yes,1,26.2,0,0,1,0,0,0,0,0,0,0,0,0,0,1,0,0,0,0,0,12.9
1469,3400,NA,4,9,No,3,33.3,4,7,1,5,5,0,0,5,4,7,5,4,1,1,2,2,0,0,2,13
1470,3400,NA,4,9,No,3,24,4,8,1,7,7,0,0,7,4,8,7,4,5,1,6,7,0,0,7,13.6
1471,3400,40.5,4,8,Yes,1,28.1,4,8,1,8,9,0,0,9,4,7,9,4,3,1,3,3,0,0,3,15
1472,3400,NA,4,9,No,3,27,4,8,2,10,12,0,0,12,4,8,12,4,6,1,8,12,0,0,12,12.7
1473,3400,NA,4,9,No,3,21.1,4,8,1,4,8,0,0,8,4,6,8,4,5,1,2,3,0,0,3,13.4
1474,3400,NA,4,9,No,3,23.9,4,7,1,8,9,0,0,9,4,7,9,4,5,1,5,6,0,0,6,13
1475,3400,46,4,6,Yes,1,37.1,0,0,1,0,0,0,0,0,0,0,0,0,0,1,0,0,0,0,0,16
1476,3400,NA,4,9,No,3,17.5,4,6,1,2,0,3,0,3,4,4,2,4,1,1,1,0,2,0,2,8.7
1477,3400,41,4,7,Yes,1,26,4,7,1,8,8,0,0,8,4,7,8,4,4,1,8,8,1,0,9,11.5
1478,3400,40,4,7,Yes,1,28,4,5,1,2,2,1,0,3,4,5,2,4,3,1,1,2,0,0,2,15
1479,3400,61.5,4,3,Yes,1,36.5,0,0,1,0,0,0,0,0,0,0,0,0,0,1,0,0,0,0,0,16.8
1480,3400,53.5,4,5,Yes,1,35,4,5,1,1,0,1,0,1,4,3,1,4,2,1,1,0,0,1,1,17
1481,3400,35.5,4,8,Yes,1,25.6,4,8,1,6,7,0,0,7,4,7,7,4,4,1,4,5,0,0,5,12.2
1482,4100,44.5,4,7,Yes,2,26.5,4,7,1,3,5,0,0,5,4,6,3,4,2,1,3,3,0,0,3,11.3
1483,4100,66.5,4,6,Yes,1,38.5,4,4,1,3,4,0,0,4,0,0,0,0,0,1,0,0,0,0,0,14.5
1484,4100,NA,4,9,No,3,22.5,4,7,1,4,3,1,0,4,4,5,4,4,1,1,0,2,0,0,2,14
1485,4100,57,4,1,Yes,1,33.8,4,1,1,2,0,3,0,3,4,1,2,4,2,1,5,0,0,5,5,12.5
1486,4100,36,4,1,Yes,1,21.5,0,0,1,0,0,0,0,0,0,0,0,0,0,1,0,0,0,0,0,10.5
1487,4100,49.5,4,7,Yes,1,33.5,4,5,1,2,2,0,0,2,4,2,1,0,0,1,0,0,0,0,0,13
1488,4100,31.5,4,5,Yes,1,28.3,0,0,1,0,0,0,0,0,0,0,0,0,0,1,0,0,0,0,0,12
1489,4100,NA,4,9,No,3,40,4,8,1,10,10,0,0,10,4,8,10,4,6,1,7,10,0,0,10,22.5
1490,4100,NA,4,9,No,3,33,4,8,1,3,3,0,0,3,4,7,6,4,5,1,4,4,0,0,4,18.5
1491,4100,NA,4,9,No,3,26,4,8,1,8,9,0,0,9,4,8,9,4,6,1,6,7,0,0,7,16.2
1492,4100,NA,4,9,No,3,20,4,7,1,5,6,0,0,6,4,6,6,4,2,1,4,4,0,0,4,13
1493,4100,NA,4,9,No,3,24,4,7,1,2,2,0,0,2,4,6,1,0,0,1,0,0,0,0,0,11
1494,4100,46.5,4,5,Yes,1,27.5,4,4,1,4,4,0,0,4,4,2,2,0,0,1,0,0,0,0,0,12.5
1495,4100,53.5,4,3,Yes,1,32,0,0,1,0,0,0,0,0,0,0,0,0,0,1,0,0,0,0,0,14.5
1496,4100,NA,4,9,No,3,21,4,6,1,2,2,0,0,2,4,5,2,0,0,1,0,0,0,0,0,11.5
1497,4100,44,0,0,Yes,1,27.5,0,0,1,0,0,0,0,0,0,0,0,0,0,1,0,0,0,0,0,13.2
1498,4100,43.5,4,6,Yes,1,22.7,4,2,1,5,5,0,0,5,4,1,1,0,0,1,0,0,0,0,0,12.2
1499,4100,NA,4,9,No,3,20.3,4,7,1,4,5,1,0,6,4,7,3,4,3,1,2,2,0,0,2,17.5
1500,4100,NA,4,9,No,3,14.9,4,7,1,2,2,0,0,2,4,7,2,4,4,1,1,1,0,0,1,8.5
1501,4100,35.5,4,8,Yes,1,27.5,4,8,1,6,7,0,0,7,4,8,7,4,5,1,5,7,0,0,7,12.5
1502,4100,50,4,7,Yes,2,28,4,7,1,3,3,0,0,3,4,6,3,4,2,1,2,2,0,0,2,12.5
1503,4100,38.5,4,8,Yes,2,23.5,4,7,1,6,6,0,0,6,4,6,6,4,2,1,3,3,0,0,3,17
1504,4100,NA,4,9,No,3,23.5,4,8,2,7,7,0,0,7,4,8,7,4,5,1,3,7,0,0,7,13.5
1505,4100,24.5,0,0,Yes,1,14,0,0,1,0,0,0,0,0,0,0,0,0,0,1,0,0,0,0,0,12
1506,4100,47,4,7,Yes,1,30.7,4,7,1,4,5,0,0,5,4,6,5,0,0,1,0,0,0,0,0,14.1
1507,4100,NA,4,9,No,3,14.5,4,8,2,7,7,0,0,7,4,4,7,4,2,1,3,10,0,0,10,10.5
1508,4100,25.5,0,0,Yes,1,14,0,0,1,0,0,0,0,0,0,0,0,0,0,1,0,0,0,0,0,10.5
1509,4100,51.5,0,0,Yes,1,33.5,0,0,1,0,0,0,0,0,0,0,0,0,0,1,0,0,0,0,0,14.4
1510,4100,35,0,0,Yes,1,24.3,0,0,1,0,0,0,0,0,0,0,0,0,0,1,0,0,0,0,0,12
1511,4100,55,0,0,Yes,1,36.5,0,0,1,0,0,0,0,0,0,0,0,0,0,1,0,0,0,0,0,13.9
1512,4100,13.5,0,0,Yes,1,11,0,0,1,0,0,0,0,0,0,0,0,0,0,1,0,0,0,0,0,9.5
1513,4100,43,0,0,Yes,1,17.2,0,0,1,0,0,0,0,0,0,0,0,0,0,1,0,0,0,0,0,13.5
